TransactionID,TransactionNumber,TransactionAmount,TransactionTime,IsFraud
9037ed78,TXN53092,4109.13,2025-04-08 07:06:37,0
7162f37d,TXN93042,519.08,2025-04-05 16:54:21,0
a5cf5bf8,TXN51520,2212.89,2025-04-02 22:12:30,0
b9a31470,TXN75350,3409.04,2025-04-03 16:14:06,0
2ff1da9a,TXN58286,130.15,2025-04-02 13:42:24,0
e5bb1042,TXN95994,4089.7,2025-04-03 18:12:15,0
2eb87fdf,TXN83891,789.62,2025-04-08 16:44:01,0
ce3640d3,TXN58869,4508.82,2025-04-01 02:13:09,0
d7b0abf2,TXN41140,2271.97,2025-04-07 04:18:01,0
5b3f93c6,TXN51896,3280.3,2025-04-06 06:00:18,0
7b062b3b,TXN16549,2039.1,2025-04-08 05:13:00,0
01e76245,TXN15588,4434.15,2025-04-08 01:03:14,0
406f83d2,TXN29256,646.49,2025-04-04 08:56:48,0
ae5dded7,TXN88232,2306.69,2025-04-03 09:37:46,0
66d57c46,TXN48674,1528.45,2025-04-01 15:38:31,0
edfe30e7,TXN36031,986.02,2025-04-02 03:54:12,0
3faaef9d,TXN91958,2022.92,2025-04-07 07:42:38,0
684de083,TXN37418,1245.12,2025-04-03 10:09:10,1
7f7fe65d,TXN24780,4108.93,2025-04-08 03:54:27,0
85255c1b,TXN26711,2475.99,2025-04-02 10:05:01,0
da714c6d,TXN70165,1723.08,2025-04-03 14:35:20,1
71ce2290,TXN41511,922.86,2025-04-05 11:50:26,0
6d27f38c,TXN71112,2780.79,2025-04-05 01:05:12,0
25471e70,TXN61439,2633.95,2025-04-03 09:31:03,0
f4517671,TXN87740,4757.73,2025-04-07 21:55:39,1
0284b98f,TXN45681,3797.09,2025-04-08 20:23:16,0
f98f1dce,TXN81921,1295.84,2025-04-05 04:29:38,0
68301d66,TXN30010,4187.78,2025-04-04 09:00:00,0
e3ed53be,TXN32340,2379.04,2025-04-06 20:06:35,0
e97f9045,TXN5831,902.02,2025-04-06 14:24:42,0
25f4c2c0,TXN79328,3257.1,2025-04-05 10:46:35,0
68b64373,TXN62756,1069.94,2025-04-07 09:36:24,0
113c4b10,TXN36590,4414.06,2025-04-01 23:41:39,0
06059f55,TXN91178,331.41,2025-04-08 20:31:07,0
a5ac8881,TXN63791,4145.1,2025-04-07 02:51:38,1
00864299,TXN58199,3942.09,2025-04-01 09:26:15,0
093ae051,TXN82907,448.63,2025-04-04 17:15:58,0
68f15079,TXN58809,2317.69,2025-04-02 01:18:04,0
57236a57,TXN90479,715.36,2025-04-07 15:45:06,0
24dfd4bc,TXN16721,599.71,2025-04-03 12:05:27,0
35e3d2ca,TXN39088,3866.5,2025-04-07 20:15:46,0
9a0db15d,TXN20858,4242.37,2025-04-03 17:04:35,0
c6beb7d1,TXN34244,2380.48,2025-04-02 07:16:19,0
25218a39,TXN94879,385.13,2025-04-04 10:58:54,0
aed277f5,TXN57059,4056.71,2025-04-03 15:37:12,0
9edcbb9c,TXN33273,3107.6,2025-04-05 06:06:53,0
db25f53c,TXN98926,3933.82,2025-04-07 13:49:54,0
30332f5b,TXN44445,3862.89,2025-04-03 16:03:56,1
6020b2b9,TXN32362,4985.21,2025-04-01 12:38:17,0
69a751ec,TXN20510,2172.66,2025-04-08 10:11:01,0
e4eb7a5f,TXN10900,4828.69,2025-04-08 00:32:28,1
bb8a5cdc,TXN73653,4363.63,2025-04-04 08:25:55,1
f20736a8,TXN74496,4732.89,2025-04-02 11:54:04,0
989f95b0,TXN92415,4680.82,2025-04-09 00:04:29,1
06b40918,TXN40879,2467.19,2025-04-09 08:26:03,0
7e6e8ef5,TXN67388,4552.35,2025-04-03 14:54:42,0
3b3922d0,TXN96827,2335.08,2025-04-05 07:44:59,0
c93eb88b,TXN73034,149.83,2025-04-09 03:59:23,0
8d9c3703,TXN86953,1702.68,2025-04-08 02:14:28,0
44de0dcf,TXN16200,2394.86,2025-04-05 02:55:41,1
2c5319c2,TXN28259,1026.9,2025-04-05 08:05:36,0
3010a3af,TXN19479,4755.42,2025-04-02 16:34:04,1
f497521a,TXN98243,1346.17,2025-04-04 14:55:02,0
f2cc9511,TXN80314,4796.23,2025-04-01 21:48:59,1
fa40152c,TXN26208,2603.87,2025-04-03 01:48:15,1
dcf9390b,TXN6405,3330.43,2025-04-06 02:32:56,0
ccea2bbc,TXN30581,4521.52,2025-04-01 06:57:40,0
3097f317,TXN76573,2021.17,2025-04-01 19:52:36,0
cdfc5520,TXN15457,3123.16,2025-04-08 13:03:15,0
5f10fa30,TXN15935,2899.93,2025-04-01 04:05:17,0
5b32dbdb,TXN38266,1345.67,2025-04-08 18:47:31,0
2965f816,TXN83525,2703.62,2025-04-01 06:42:45,1
7c6e737e,TXN12114,3485.72,2025-04-09 12:41:16,1
d0204451,TXN56876,3565.71,2025-04-08 14:23:20,0
505cf6a5,TXN2275,3671.58,2025-04-03 23:56:59,1
1332b5c9,TXN70979,2971.71,2025-04-07 07:39:36,0
d8427ce5,TXN89918,3509.68,2025-04-09 03:15:52,0
8e7777eb,TXN90981,4974.38,2025-04-06 15:38:13,0
baa07611,TXN16581,3509.45,2025-04-04 15:35:43,0
adc4210b,TXN57777,2211.58,2025-04-04 01:26:47,0
609ee92a,TXN83338,445.34,2025-04-04 03:22:59,0
ef7565a0,TXN29989,4716.74,2025-04-01 17:34:39,0
a452b9a6,TXN84035,4245.56,2025-04-06 21:31:27,1
e1e040a7,TXN89981,2138.13,2025-04-07 15:53:03,0
d33b1db6,TXN58273,840.59,2025-04-05 03:10:30,0
0ca644cc,TXN32251,4129.35,2025-04-08 20:30:34,0
6bdbc305,TXN64544,272.26,2025-04-09 01:48:43,1
eefa7ce6,TXN41515,3171.78,2025-04-04 15:22:44,0
b8fc9b6b,TXN6751,3899.6,2025-04-08 15:51:02,0
536ff339,TXN85703,792.27,2025-04-02 23:54:12,0
7b1a49ee,TXN52953,4205.9,2025-04-09 02:01:09,0
2e09bcdc,TXN43037,4081.71,2025-04-06 18:12:50,0
962a5243,TXN79017,666.08,2025-04-02 23:37:23,0
17f439a1,TXN89651,4094.48,2025-04-03 19:43:29,1
06831413,TXN74711,3684.75,2025-04-08 04:18:29,0
c558bfdb,TXN1199,558.81,2025-04-03 11:30:53,1
430315a7,TXN52651,1216.12,2025-04-03 22:43:28,0
ed579ae0,TXN13168,2791.66,2025-04-06 16:17:10,1
f210b673,TXN82870,4352.89,2025-04-07 15:26:10,0
940fa458,TXN99684,4741.78,2025-04-08 00:09:47,0
28c0c9f8,TXN35083,3073.07,2025-04-07 11:48:00,0
86e2230c,TXN75651,881.66,2025-04-05 23:36:00,0
1d73b48a,TXN57203,3586.37,2025-04-09 15:59:03,1
23622e51,TXN2284,3464.88,2025-04-01 01:30:17,0
b08d0277,TXN12114,753.05,2025-04-05 06:46:27,0
fef4c357,TXN45924,2470.9,2025-04-03 21:24:26,0
50c6ea79,TXN53211,2480.0,2025-04-07 04:18:30,0
c4505f4e,TXN93234,1576.3,2025-04-03 06:12:10,1
e79ba46c,TXN90628,246.22,2025-04-07 20:18:05,0
92061c5d,TXN63271,2656.67,2025-04-04 21:32:25,0
5e4ddbfa,TXN65961,2365.17,2025-04-04 04:57:27,1
1a640a79,TXN4165,4473.51,2025-04-09 20:47:37,0
25f623fd,TXN92817,3262.25,2025-04-09 19:21:46,0
bae5caad,TXN43549,1359.47,2025-04-07 21:02:17,0
0b352109,TXN78145,3681.35,2025-04-06 05:09:28,0
96a00cd7,TXN98225,4201.71,2025-04-08 07:40:10,0
52a76fac,TXN12598,2052.85,2025-04-06 00:49:09,0
ae01aa80,TXN83591,3862.34,2025-04-03 19:57:42,0
4592bcec,TXN92766,4597.41,2025-04-06 17:09:38,0
9a7dfd80,TXN87827,4529.51,2025-04-05 13:39:55,0
f9e8d853,TXN95480,556.74,2025-04-06 19:42:13,1
98757838,TXN14291,3141.62,2025-04-04 09:29:13,0
ce7c59eb,TXN94298,4520.76,2025-04-05 21:48:05,0
6d49d53f,TXN2951,4505.57,2025-04-05 16:50:17,0
0665ceff,TXN14736,4078.36,2025-04-03 19:34:00,0
fbe5a77d,TXN50972,3514.02,2025-04-06 23:19:43,0
db7bad3a,TXN3918,2879.26,2025-04-03 22:40:24,1
37428052,TXN18760,3384.43,2025-04-05 16:31:43,0
59824a00,TXN40785,2170.88,2025-04-09 05:02:08,0
7e9e2d1c,TXN60315,4241.15,2025-04-07 06:39:27,0
5e4d3b17,TXN57203,4622.86,2025-04-08 02:42:14,0
709c28c5,TXN48211,1736.43,2025-04-09 12:46:11,0
bd17476f,TXN87740,3739.79,2025-04-09 10:26:12,0
916aaf10,TXN43131,2131.79,2025-04-09 00:14:21,0
d5a018ab,TXN41882,1818.15,2025-04-04 18:30:01,0
5a270f85,TXN10170,4068.24,2025-04-02 00:17:24,0
e38e2f5a,TXN89800,2472.85,2025-04-06 11:37:19,0
63f1968d,TXN53867,1659.57,2025-04-04 19:17:20,0
41482a1a,TXN35802,4187.18,2025-04-01 08:26:49,0
f25c1125,TXN54742,4737.41,2025-04-02 09:43:49,0
1b40645b,TXN88557,287.77,2025-04-04 16:42:50,0
73da0a2d,TXN38951,1246.6,2025-04-01 22:34:20,0
56c81f6b,TXN61068,2841.11,2025-04-05 15:49:05,0
990d54ff,TXN31111,3179.72,2025-04-04 21:03:08,0
a766e368,TXN57766,4637.84,2025-04-02 12:01:54,0
d26d3f9c,TXN4476,4637.56,2025-04-05 18:31:03,0
da2fa9f9,TXN32672,2069.72,2025-04-07 06:19:05,0
f312740c,TXN83133,1162.33,2025-04-06 01:01:06,0
ebf53e12,TXN65887,3890.44,2025-04-04 14:06:17,0
32c491f1,TXN37388,4603.41,2025-04-02 03:49:37,1
c6563532,TXN18312,3052.95,2025-04-04 22:28:03,0
fff86a48,TXN27423,2083.54,2025-04-01 06:23:36,0
6365d18c,TXN28891,4516.41,2025-04-02 09:02:31,0
7f96daf4,TXN58988,4623.01,2025-04-07 17:18:52,0
82ae3b0f,TXN97699,1354.17,2025-04-04 03:32:22,0
aa6ba0d3,TXN82686,1363.74,2025-04-01 08:32:32,0
3a19422f,TXN39960,2341.66,2025-04-06 23:14:56,0
8a034d0d,TXN14104,3134.37,2025-04-08 02:54:16,1
8f68ca25,TXN36217,3105.06,2025-04-06 22:40:44,0
21fe0cb9,TXN384,3629.48,2025-04-08 01:08:33,1
f4db8f9b,TXN95714,1798.41,2025-04-01 01:29:59,0
194e79d4,TXN97325,1615.76,2025-04-04 18:42:27,0
1cae0424,TXN44612,141.71,2025-04-02 09:36:07,0
55085728,TXN15644,374.78,2025-04-05 19:08:59,0
76fb5462,TXN15813,4740.34,2025-04-09 03:42:58,0
aa5437ce,TXN72846,4770.48,2025-04-09 09:12:57,1
7db282d5,TXN8394,1386.07,2025-04-01 11:27:21,0
d76a554e,TXN2939,173.61,2025-04-05 21:18:46,0
064efe5b,TXN49097,4835.27,2025-04-07 17:14:23,0
b0cf3ecd,TXN44325,3091.88,2025-04-01 21:13:22,0
588561ef,TXN1485,3390.06,2025-04-01 13:04:53,0
4bd8aa79,TXN94188,2717.03,2025-04-05 13:17:07,0
14ab3156,TXN15187,608.48,2025-04-01 15:59:30,0
cc89a304,TXN65718,4413.69,2025-04-02 20:37:40,0
9996c39b,TXN55700,1172.18,2025-04-06 11:57:48,1
841318f9,TXN9988,1252.52,2025-04-09 12:15:29,0
27d80aba,TXN15428,275.92,2025-04-04 14:01:57,0
e002b45d,TXN58754,2510.32,2025-04-01 19:41:10,0
fb18869f,TXN63442,525.78,2025-04-05 08:42:07,0
54263f6a,TXN44840,2343.81,2025-04-06 03:41:55,0
0a430237,TXN72960,2284.49,2025-04-02 13:17:06,0
5d5639b8,TXN31938,2438.53,2025-04-04 04:01:27,0
ad62a6f3,TXN20342,3886.58,2025-04-09 08:36:34,0
6d2eb772,TXN34043,1565.56,2025-04-09 01:22:49,0
9f342137,TXN29702,2766.2,2025-04-01 00:11:16,0
7cbfc591,TXN86571,2690.05,2025-04-08 15:21:16,0
45806f68,TXN6973,3551.73,2025-04-09 05:21:12,0
599ab0e6,TXN13168,3037.89,2025-04-08 14:44:14,0
b03e5ec4,TXN5350,413.37,2025-04-04 19:15:29,0
fced4210,TXN9561,4826.95,2025-04-02 16:54:24,0
2c034c9e,TXN92539,4624.73,2025-04-05 04:22:28,0
11c24b00,TXN8026,497.88,2025-04-01 18:35:59,0
9034cc9c,TXN72115,4796.75,2025-04-09 08:09:38,0
09fcc6b0,TXN74337,1189.33,2025-04-01 17:54:36,0
d77e51bc,TXN97346,4538.99,2025-04-06 10:30:00,0
bf546d91,TXN90114,1048.16,2025-04-09 08:44:42,0
511f2b54,TXN59726,3057.99,2025-04-06 01:53:28,0
27f72354,TXN75033,2688.94,2025-04-02 17:32:17,0
e5a99baf,TXN50496,1841.54,2025-04-06 05:35:26,0
d4674600,TXN38611,320.89,2025-04-03 21:40:49,1
a5bf38fc,TXN19261,2393.87,2025-04-09 01:43:51,1
6423c3fb,TXN5488,181.8,2025-04-01 02:23:51,0
d64003dc,TXN24154,3753.65,2025-04-02 13:40:14,0
d2d29faf,TXN64002,4046.12,2025-04-04 19:38:06,0
fb8c13d7,TXN39187,1117.22,2025-04-03 21:48:34,0
f76204c2,TXN32268,2148.45,2025-04-09 23:08:16,1
d15caea0,TXN49041,4639.53,2025-04-08 01:22:48,0
08cdd72d,TXN33946,833.02,2025-04-07 03:57:53,0
de40ac60,TXN33886,3204.3,2025-04-09 09:33:52,0
aff146f2,TXN64542,2657.61,2025-04-09 19:28:27,1
d9783ba4,TXN67930,4611.4,2025-04-09 17:48:15,0
c5c5f6b4,TXN98479,4363.16,2025-04-04 11:02:55,0
9482ddec,TXN58154,2750.41,2025-04-01 00:58:08,0
1b981c90,TXN63631,1001.37,2025-04-03 17:53:18,1
701e93dc,TXN89385,121.09,2025-04-09 14:51:43,0
17c07e75,TXN13324,3781.05,2025-04-07 20:26:52,0
cd54e562,TXN40056,710.31,2025-04-08 19:08:38,1
1c04155b,TXN90657,3916.8,2025-04-09 05:39:48,0
3c1119b9,TXN53211,2426.14,2025-04-07 14:08:26,1
e0d3b92a,TXN6405,3964.41,2025-04-06 11:28:33,1
89383212,TXN13025,1934.47,2025-04-05 00:41:58,0
dd45ac51,TXN6360,2432.7,2025-04-01 18:43:12,0
faf84591,TXN63208,3882.81,2025-04-02 08:35:56,0
6adadcc0,TXN46002,2546.9,2025-04-03 21:22:16,0
ab67d3af,TXN83766,3946.93,2025-04-03 06:32:09,0
5243d1bf,TXN7971,686.18,2025-04-08 15:04:44,0
b8a4a0d0,TXN20113,1015.18,2025-04-02 19:32:17,0
81da84f4,TXN97259,4546.53,2025-04-07 03:16:38,0
98e19076,TXN26229,4058.71,2025-04-08 01:26:07,0
f240a970,TXN88684,3507.43,2025-04-05 18:36:43,0
d11edae2,TXN65275,1812.07,2025-04-06 01:55:05,0
8d4434a5,TXN2768,3122.57,2025-04-08 08:52:26,0
408f908c,TXN28648,1128.56,2025-04-04 14:33:13,0
5bb5ce20,TXN6360,1770.39,2025-04-05 15:40:08,1
c7f76626,TXN21365,1238.46,2025-04-07 17:02:16,0
07ec1045,TXN76293,4818.47,2025-04-02 05:09:43,0
d008c4ac,TXN61508,3020.08,2025-04-05 16:42:36,0
c8aac8a1,TXN75272,1773.18,2025-04-02 18:27:39,0
85647d34,TXN87069,1697.65,2025-04-07 04:02:37,0
1df7db70,TXN2275,648.32,2025-04-09 10:40:40,0
8f4978a5,TXN49431,2236.61,2025-04-08 05:56:43,0
4718702e,TXN76619,4781.27,2025-04-06 20:23:36,0
3c2401a5,TXN2714,4390.55,2025-04-02 09:39:49,0
51ff4c1e,TXN28001,3200.23,2025-04-05 18:42:03,0
7a79f754,TXN22605,3746.18,2025-04-07 07:18:01,0
f76704b8,TXN13230,233.04,2025-04-07 23:48:03,1
f7ff8ab1,TXN29050,2406.81,2025-04-02 20:54:52,0
eaa7ca00,TXN8312,3916.18,2025-04-05 11:21:15,0
11e1c871,TXN81966,1466.79,2025-04-08 23:41:07,0
88138b73,TXN456,1778.1,2025-04-04 18:35:44,0
ac95ca9f,TXN71217,3357.4,2025-04-09 03:10:05,0
89ded3fe,TXN28053,3990.93,2025-04-07 15:36:07,0
d8a4fbc9,TXN62908,4347.45,2025-04-01 21:54:51,0
2c7471d4,TXN94619,4707.61,2025-04-06 18:51:53,1
1153c8f1,TXN92698,3111.46,2025-04-07 05:24:52,0
f2fb4e3d,TXN49737,4999.61,2025-04-06 09:30:31,0
ceee01b1,TXN39513,1370.05,2025-04-06 07:24:23,0
bafcffa2,TXN59230,858.02,2025-04-04 11:16:41,0
5ca88a59,TXN16758,3292.76,2025-04-04 07:45:59,1
abeed677,TXN24410,2763.14,2025-04-04 04:05:38,1
8adfac03,TXN79441,2451.24,2025-04-05 18:37:11,0
38951070,TXN13834,3636.35,2025-04-03 21:15:01,0
d6df887c,TXN21863,2359.59,2025-04-05 22:03:03,0
937aea2e,TXN75477,3647.18,2025-04-04 01:24:17,0
7412b401,TXN63629,1677.77,2025-04-01 03:31:51,0
9e936166,TXN89797,931.15,2025-04-04 22:56:35,0
10eac4c9,TXN78883,2057.22,2025-04-02 10:39:59,0
065da677,TXN5049,4463.61,2025-04-05 03:07:06,0
5ac2190f,TXN1090,3782.47,2025-04-05 13:24:21,1
ad6c552b,TXN33851,1095.16,2025-04-09 11:28:13,0
8ed3f5ef,TXN83074,4982.74,2025-04-02 12:10:49,0
60f7b3c9,TXN49431,4402.61,2025-04-03 07:59:21,1
9ffa782a,TXN50027,2550.48,2025-04-05 05:55:59,1
26007524,TXN45681,755.7,2025-04-04 08:22:49,1
acc0b7b2,TXN27869,4307.32,2025-04-01 09:50:02,0
e70d513a,TXN69117,2435.49,2025-04-01 03:25:53,1
8afa2797,TXN21008,3184.6,2025-04-09 04:49:31,0
f02479fa,TXN50137,1522.63,2025-04-03 22:21:55,0
56b06821,TXN80141,1796.33,2025-04-04 20:49:39,0
c058ad30,TXN45104,1175.63,2025-04-03 14:37:32,0
a2349e70,TXN54003,1945.71,2025-04-07 17:24:24,1
d09036f5,TXN81768,4682.63,2025-04-09 19:03:00,0
856ddaa9,TXN20685,126.74,2025-04-03 05:15:55,1
67326a1f,TXN47449,3021.98,2025-04-02 12:05:43,0
e1e651ed,TXN95809,3850.01,2025-04-04 02:38:46,0
b2b9e132,TXN80427,963.55,2025-04-04 10:40:53,0
b14e245b,TXN77454,1871.88,2025-04-09 20:08:59,0
79306e58,TXN18719,400.71,2025-04-03 23:40:19,0
d01f67cf,TXN58572,4494.64,2025-04-05 06:21:37,1
0d6ef851,TXN6389,4212.73,2025-04-04 23:52:08,0
e1bd218d,TXN73653,3339.73,2025-04-09 16:49:52,0
5d33f1ea,TXN23352,2813.6,2025-04-04 09:07:39,0
525a9725,TXN39529,4759.58,2025-04-03 15:09:17,0
f3e2861b,TXN34197,1651.59,2025-04-04 04:02:01,1
1f24afdc,TXN60480,3540.2,2025-04-02 04:16:41,0
4bd1d78b,TXN99491,2726.31,2025-04-06 20:04:16,0
91c71eb8,TXN20218,1851.16,2025-04-07 18:39:56,0
148aba61,TXN58120,4994.55,2025-04-05 17:25:13,0
df947a28,TXN28277,2664.7,2025-04-09 03:49:30,0
36ab5343,TXN40056,647.79,2025-04-06 23:20:59,0
754c59a9,TXN92346,4711.16,2025-04-04 14:59:07,1
288c20dd,TXN11984,4596.47,2025-04-04 10:01:48,0
2045a42c,TXN49788,645.55,2025-04-04 21:09:37,0
f0822065,TXN8603,2829.75,2025-04-05 09:56:30,0
8324f3c3,TXN74528,1671.11,2025-04-08 04:22:41,0
ddbb20e2,TXN34843,4754.48,2025-04-04 16:19:23,0
11999573,TXN33214,3745.14,2025-04-07 13:02:30,0
6a8ab1b2,TXN8453,3663.36,2025-04-08 00:19:02,0
d7718e00,TXN82542,4602.27,2025-04-06 22:42:55,0
e0084185,TXN99467,4765.53,2025-04-04 04:02:00,1
c84f2f34,TXN29602,3062.8,2025-04-03 16:32:57,0
fe33c6f5,TXN94355,3975.65,2025-04-02 19:06:28,0
c1f74900,TXN95915,4907.97,2025-04-09 04:56:25,1
390f3814,TXN45851,4899.88,2025-04-08 16:27:11,1
f3c21332,TXN68173,271.4,2025-04-06 21:48:01,0
7ba42181,TXN8139,153.1,2025-04-07 15:12:18,0
5dfe8257,TXN66448,2967.07,2025-04-07 02:24:38,0
efb59f8e,TXN40157,1826.64,2025-04-07 12:52:06,0
3bbf1750,TXN41443,4552.34,2025-04-02 16:21:01,0
912d1252,TXN13890,1590.02,2025-04-07 06:54:29,0
80612252,TXN619,1932.33,2025-04-08 11:29:36,0
6aff0e9e,TXN66532,1513.46,2025-04-09 13:16:41,1
080a7f2c,TXN80371,1508.89,2025-04-07 22:34:57,0
ecc884ab,TXN71220,4085.41,2025-04-08 08:16:55,0
07a1cf6a,TXN67683,1548.97,2025-04-03 10:09:37,0
a7e6a5a5,TXN5245,3489.49,2025-04-01 11:23:31,0
9d92100f,TXN19479,3726.15,2025-04-05 02:08:48,0
c151ac64,TXN95021,3922.39,2025-04-03 14:36:03,1
c6ddea91,TXN67611,3827.51,2025-04-04 22:01:01,1
fa35b840,TXN88678,2800.04,2025-04-01 15:33:06,0
da0bf8e6,TXN79443,2487.6,2025-04-03 23:14:19,0
6942001a,TXN65780,1117.69,2025-04-03 23:07:34,0
062a7006,TXN30010,2783.04,2025-04-04 21:00:49,1
edf69bdf,TXN92346,2027.64,2025-04-07 13:20:50,0
159ce8ac,TXN48837,1774.09,2025-04-04 22:30:06,0
75fec4b0,TXN86078,3691.81,2025-04-06 22:05:19,0
cef9f5b9,TXN24741,4567.9,2025-04-01 09:34:01,0
c2a2a65e,TXN99729,4077.81,2025-04-05 23:48:54,0
fbec3675,TXN48099,1664.82,2025-04-01 03:54:53,0
27a31c5a,TXN58577,1514.57,2025-04-06 21:15:21,0
0925ca8c,TXN51655,3406.13,2025-04-08 00:23:52,0
3027b4c1,TXN76608,1420.83,2025-04-03 14:23:44,0
10c717b8,TXN15191,1388.63,2025-04-03 20:47:46,0
efcc69bb,TXN5913,2759.81,2025-04-08 23:20:00,0
69f877fe,TXN8453,987.17,2025-04-02 14:33:48,1
e17fd520,TXN3782,2711.54,2025-04-04 02:31:43,1
e9dbe0a0,TXN24696,1285.85,2025-04-06 14:23:09,0
c6db296b,TXN56576,209.25,2025-04-08 16:38:38,0
ce3de35c,TXN95021,3856.06,2025-04-05 06:39:24,0
ef85a6f4,TXN91997,3504.85,2025-04-03 09:47:12,0
45a22664,TXN80091,2675.31,2025-04-07 04:03:58,0
79d250b3,TXN22009,2702.76,2025-04-07 03:36:19,0
a1b3cd74,TXN20112,2850.52,2025-04-06 10:04:22,0
3912b614,TXN20911,2661.24,2025-04-08 09:14:56,0
7ae2a25b,TXN79826,4888.56,2025-04-06 14:20:57,0
9a7c6dbf,TXN44064,1586.24,2025-04-03 18:00:35,0
241a3697,TXN67149,2128.6,2025-04-04 19:04:21,0
9f420c5b,TXN43667,4992.85,2025-04-05 23:04:30,1
3f6cd78f,TXN91683,1502.94,2025-04-05 01:25:36,0
f1c0f4e3,TXN91313,1574.46,2025-04-02 21:23:39,0
46f0c7ec,TXN20829,2695.06,2025-04-01 08:03:19,0
0baf484e,TXN32012,1492.86,2025-04-08 05:20:07,0
e5dddd6a,TXN9684,2577.21,2025-04-05 09:00:53,0
469e51b1,TXN63631,2973.8,2025-04-09 12:47:44,0
7ab4607b,TXN5638,651.79,2025-04-05 21:52:33,0
0bb5cbb7,TXN73614,1385.79,2025-04-02 15:21:55,0
f25de1b6,TXN89651,4226.8,2025-04-04 21:09:01,0
3cbb5e67,TXN4958,962.59,2025-04-05 04:23:15,0
83da4aeb,TXN36675,4404.0,2025-04-01 13:52:40,0
c9f06ca8,TXN83368,2167.61,2025-04-09 02:38:01,0
556032fa,TXN6521,2121.95,2025-04-03 08:10:44,1
8e03f5db,TXN84715,2295.45,2025-04-01 20:27:44,0
a37a21e5,TXN55583,1540.17,2025-04-01 13:36:02,0
4c2b257a,TXN99995,4923.82,2025-04-09 08:18:31,0
6a132ba6,TXN5240,214.97,2025-04-01 03:04:40,0
2f6f03ba,TXN61299,3967.74,2025-04-02 01:12:33,0
dbfb6e8e,TXN88153,1349.72,2025-04-07 02:14:40,0
a4efd1b5,TXN98792,4203.11,2025-04-01 02:43:39,0
499c8810,TXN89836,4321.64,2025-04-03 14:09:03,0
331c36f3,TXN84235,1262.48,2025-04-02 11:42:24,0
5b82bf81,TXN92686,516.16,2025-04-04 02:47:36,0
7ce016ed,TXN27181,1648.09,2025-04-06 16:58:24,0
c678b457,TXN14210,4335.56,2025-04-01 17:20:19,0
c4ce2641,TXN21060,1325.02,2025-04-06 05:21:26,0
d47e96cd,TXN79116,3456.58,2025-04-01 12:07:16,0
2edc3eae,TXN91960,3380.19,2025-04-02 00:38:35,0
70bf166a,TXN67930,2101.23,2025-04-09 22:02:24,0
81abe48a,TXN3685,3042.15,2025-04-07 22:00:47,0
20e037fb,TXN46653,2513.86,2025-04-06 08:45:09,1
fb4a129c,TXN66124,2175.24,2025-04-09 07:42:47,0
9f3bc67b,TXN4825,1510.8,2025-04-03 06:52:53,0
f54dc050,TXN17266,2325.32,2025-04-09 06:08:20,1
74a313cb,TXN43219,3392.5,2025-04-05 01:27:18,0
c33be60c,TXN62776,3741.84,2025-04-06 20:34:40,0
c2949511,TXN84651,933.05,2025-04-05 05:19:50,0
76aed7fa,TXN45708,3948.16,2025-04-03 19:46:41,0
a086aebb,TXN80325,1698.18,2025-04-07 23:11:25,0
fa259a75,TXN45961,1768.96,2025-04-04 22:31:26,0
a0aec02f,TXN62506,3023.68,2025-04-07 19:06:12,1
3cc9617b,TXN40100,4168.19,2025-04-06 16:22:26,0
39d0d1bc,TXN39653,2288.38,2025-04-07 08:50:27,0
83c268f7,TXN89770,690.35,2025-04-08 07:11:59,0
f1310a92,TXN82381,1780.02,2025-04-01 07:57:42,0
2ccd3617,TXN50441,4618.23,2025-04-02 10:37:07,0
53754587,TXN10800,1333.12,2025-04-06 05:47:10,0
a970472a,TXN43173,2816.48,2025-04-08 16:51:50,1
04166282,TXN28301,484.2,2025-04-02 09:29:45,1
073e631b,TXN80435,1298.21,2025-04-07 05:42:37,1
48484578,TXN90355,4566.06,2025-04-08 12:26:28,0
fa372d12,TXN2687,3470.45,2025-04-02 16:55:32,0
95a8ecc5,TXN46697,1129.73,2025-04-06 12:06:47,0
f1447f75,TXN23994,4348.99,2025-04-04 15:46:51,0
8ba577c8,TXN7149,3206.85,2025-04-08 07:31:08,0
915b68be,TXN75339,4604.3,2025-04-07 00:07:14,0
2489534e,TXN48287,4544.92,2025-04-09 16:46:32,0
594e8821,TXN51449,2791.01,2025-04-04 14:49:31,0
3c3c9a82,TXN46687,1568.75,2025-04-08 09:09:24,0
6036cfde,TXN41609,4746.44,2025-04-09 13:05:59,0
6b4f871c,TXN29630,1586.31,2025-04-07 20:23:10,0
eac9a603,TXN65322,1444.55,2025-04-09 20:32:53,0
0936a42d,TXN24410,551.22,2025-04-04 23:38:43,0
5d8d8bce,TXN91328,1431.22,2025-04-01 03:34:13,0
2d325764,TXN36091,1715.26,2025-04-04 03:39:01,0
c37fe6bf,TXN28496,2285.47,2025-04-02 10:08:22,0
dae2ac63,TXN723,4678.16,2025-04-06 05:31:09,0
0f3d169e,TXN39605,3916.77,2025-04-05 14:21:40,0
6212a73c,TXN60981,1508.77,2025-04-08 17:41:05,0
c98ce2ba,TXN40219,574.65,2025-04-06 13:44:44,0
39b8eb8c,TXN39588,4253.5,2025-04-01 11:12:29,0
0e657010,TXN12557,3485.9,2025-04-03 15:50:41,0
05b34052,TXN46705,4890.12,2025-04-08 12:43:23,0
f22e1a8d,TXN60686,985.74,2025-04-06 01:08:43,1
eaef552b,TXN3092,4152.14,2025-04-02 11:07:38,0
4ffe28ef,TXN77226,405.31,2025-04-04 17:10:33,0
7b6336d0,TXN21200,4781.85,2025-04-01 14:54:01,0
a3d28fb0,TXN20097,4580.21,2025-04-08 13:48:59,0
d8352b0b,TXN757,2794.04,2025-04-04 08:49:56,0
d2ddb7a4,TXN66734,4739.04,2025-04-05 07:27:12,0
20c25168,TXN32061,3153.98,2025-04-07 12:06:06,0
f6305f97,TXN376,150.35,2025-04-03 06:33:04,0
8152927d,TXN77267,3732.7,2025-04-07 20:17:10,0
d0f8a919,TXN37524,3483.17,2025-04-08 10:14:26,0
52c725ef,TXN79196,4852.27,2025-04-03 17:39:58,0
7412eee5,TXN47074,4022.19,2025-04-04 09:20:22,0
389d3653,TXN31614,2310.94,2025-04-02 03:31:28,0
0e1f621e,TXN7762,2561.59,2025-04-03 14:25:22,1
37f41db2,TXN7149,3544.5,2025-04-04 07:46:14,1
5cf2a493,TXN40598,1473.06,2025-04-05 22:11:53,1
ee530dea,TXN60847,2839.41,2025-04-04 18:41:59,1
0dd069b2,TXN42980,3256.11,2025-04-09 09:35:37,1
2b983827,TXN87580,1676.86,2025-04-05 01:12:59,1
64596e01,TXN25804,3787.3,2025-04-08 04:18:10,0
597a33d9,TXN94639,3147.3,2025-04-01 11:30:30,0
135ec072,TXN3080,1491.68,2025-04-07 13:59:16,0
c0cd3b93,TXN26950,3088.0,2025-04-04 04:01:59,0
7abeee1c,TXN89494,1327.69,2025-04-06 12:42:28,0
d56fc1ad,TXN17163,239.02,2025-04-02 23:20:26,0
57de5b88,TXN15822,308.46,2025-04-08 14:57:21,0
a1aa7513,TXN3477,2558.17,2025-04-08 21:33:40,1
6457745d,TXN80435,4747.14,2025-04-01 14:09:56,0
aedc0954,TXN63439,4411.4,2025-04-06 05:38:27,0
73272901,TXN6270,3399.8,2025-04-03 06:04:33,0
68bdee58,TXN20009,231.08,2025-04-06 12:43:27,0
0e8c9348,TXN59617,334.31,2025-04-09 15:36:54,1
55b65d7d,TXN44017,4854.71,2025-04-05 09:49:26,0
e6652b48,TXN65961,874.54,2025-04-05 09:23:41,0
3df09cc0,TXN27664,2228.9,2025-04-02 10:48:50,0
7adff5f5,TXN20218,3018.34,2025-04-07 12:51:24,1
036c49d5,TXN12344,406.63,2025-04-06 18:31:06,1
754309a3,TXN34473,399.45,2025-04-07 14:47:15,0
239dee45,TXN92539,2216.44,2025-04-07 08:15:17,0
dc8834e8,TXN58572,1208.86,2025-04-05 15:24:02,0
38719d16,TXN8403,4108.55,2025-04-07 12:49:45,0
698c284e,TXN19175,2761.57,2025-04-09 00:33:05,0
1ce1ba92,TXN9632,3045.45,2025-04-03 03:50:44,0
84bfb1f2,TXN76796,3281.66,2025-04-03 22:07:31,0
72b3b7bb,TXN12472,1495.98,2025-04-05 14:16:19,0
c64b80d8,TXN84035,4685.35,2025-04-08 16:16:02,0
189b9bd0,TXN66174,4520.64,2025-04-03 15:24:58,0
e1a669fa,TXN41411,1158.61,2025-04-07 23:09:21,0
76f8f324,TXN40879,2387.57,2025-04-07 03:54:18,1
66abedb3,TXN14494,4572.49,2025-04-05 00:43:07,0
407957b1,TXN10900,3157.58,2025-04-08 02:53:57,0
3597c92a,TXN37042,4836.24,2025-04-09 22:26:33,0
0428b5bf,TXN21799,2618.18,2025-04-05 21:37:01,1
7722cfe2,TXN68035,232.48,2025-04-09 10:42:02,0
e29d57cc,TXN52994,3584.3,2025-04-01 18:46:37,0
3fca3508,TXN16239,3110.16,2025-04-08 13:44:56,0
7d13cc4b,TXN92159,1964.91,2025-04-06 23:12:01,0
d5a82616,TXN32511,4817.05,2025-04-09 06:00:25,0
28ef736d,TXN20009,1306.66,2025-04-09 03:53:57,1
5cd7db4e,TXN55700,4799.03,2025-04-09 23:13:09,0
52a88ad3,TXN24696,3952.97,2025-04-09 19:38:14,1
53ef1247,TXN85658,4508.26,2025-04-02 07:09:31,0
d844acbb,TXN30482,3616.64,2025-04-08 07:15:07,0
6823d6b7,TXN43046,4070.9,2025-04-01 05:57:57,1
62eb14ec,TXN7762,1070.68,2025-04-09 14:37:34,0
f30b8313,TXN15829,4927.35,2025-04-01 21:08:00,0
16e360ec,TXN6196,3148.41,2025-04-07 09:48:41,1
b61a3312,TXN21717,2811.7,2025-04-06 09:48:08,1
48bd0b00,TXN37952,3071.52,2025-04-02 02:55:28,0
2a064f89,TXN23762,3482.56,2025-04-07 00:17:09,0
f6c1e717,TXN65282,3348.01,2025-04-08 11:33:35,0
c544dc36,TXN28726,1646.65,2025-04-07 15:47:52,0
c8538be6,TXN81924,879.93,2025-04-05 00:32:43,0
bf41328c,TXN15907,2377.29,2025-04-01 00:00:57,0
cfeec6dc,TXN58333,4627.44,2025-04-04 23:04:49,0
f7634a0e,TXN53072,179.71,2025-04-09 16:46:55,0
fffce2cc,TXN10137,358.96,2025-04-04 20:53:43,0
fff7122f,TXN59544,2565.35,2025-04-07 00:42:48,0
a53689ae,TXN38032,4782.22,2025-04-02 20:31:56,0
c9694070,TXN85445,543.69,2025-04-09 14:06:20,0
7c1ff337,TXN96486,3821.09,2025-04-05 22:12:39,0
7e457aed,TXN70608,1442.52,2025-04-06 19:50:08,0
b0257c57,TXN38377,1043.35,2025-04-03 22:59:26,0
1c0b7296,TXN24035,1154.22,2025-04-01 17:03:52,0
caf7470b,TXN68203,857.13,2025-04-09 20:01:06,0
1478f290,TXN42980,2349.28,2025-04-09 07:16:09,0
6b01218d,TXN52591,2160.53,2025-04-03 10:17:05,0
3c29e338,TXN31840,4685.59,2025-04-07 11:05:52,0
89a84ac7,TXN17134,1200.03,2025-04-08 22:30:16,0
049042e3,TXN57277,4006.66,2025-04-04 18:12:36,0
7cca003e,TXN29523,2160.67,2025-04-05 09:39:58,0
2c588043,TXN49380,2507.63,2025-04-01 05:01:14,0
768bdc09,TXN25179,851.26,2025-04-05 21:42:12,0
d5bc2723,TXN3477,4060.86,2025-04-02 20:17:54,0
7903d29e,TXN48953,4494.04,2025-04-05 14:18:11,0
fd3b8d5e,TXN88168,789.37,2025-04-05 13:07:54,0
004cf622,TXN22335,3212.59,2025-04-01 15:28:16,0
6bcf6203,TXN98281,4659.11,2025-04-06 14:51:01,0
4b63851e,TXN83904,1832.72,2025-04-03 18:48:02,0
250345fd,TXN69696,871.87,2025-04-05 12:23:05,0
a7784980,TXN26964,2751.13,2025-04-02 17:25:00,0
3bf8366d,TXN88018,3585.0,2025-04-09 00:22:35,0
7092ea8b,TXN67149,2763.95,2025-04-08 18:22:31,1
0f083214,TXN70159,3134.83,2025-04-07 16:07:46,0
90f89813,TXN18361,4092.62,2025-04-09 05:41:59,0
e30ce508,TXN16200,2119.21,2025-04-06 05:22:21,0
9d17f638,TXN24519,1593.43,2025-04-03 06:39:16,0
7751b290,TXN40244,542.91,2025-04-04 07:48:58,0
3850a682,TXN9561,2085.16,2025-04-06 13:40:47,1
73ce718a,TXN98243,1023.29,2025-04-04 14:17:20,1
54a05ca7,TXN39158,3753.91,2025-04-09 23:03:52,0
9a486f53,TXN20004,3336.86,2025-04-06 12:18:13,0
dab3d613,TXN13562,1496.66,2025-04-07 03:30:14,1
48b8fc07,TXN13562,226.57,2025-04-03 00:32:07,0
c0e71305,TXN1090,4639.49,2025-04-01 17:25:29,0
4471b4ef,TXN37418,3077.36,2025-04-09 00:27:37,0
22d3e4c8,TXN41978,1777.32,2025-04-07 14:03:12,0
6aafc589,TXN88006,2141.43,2025-04-03 17:45:05,0
1048c19f,TXN19056,806.76,2025-04-04 23:01:39,1
e7f23a87,TXN86576,2318.39,2025-04-06 09:39:01,1
21b538d9,TXN85236,1531.67,2025-04-02 14:50:09,0
ac6db29f,TXN32268,2770.85,2025-04-07 23:34:54,0
06bb2f1b,TXN4197,3537.58,2025-04-01 02:24:32,0
3c1c2384,TXN27307,1621.46,2025-04-02 08:13:51,0
60b386e6,TXN62981,1035.0,2025-04-08 22:17:13,0
aa39a384,TXN45312,2808.42,2025-04-09 20:36:57,0
9f906eb4,TXN1199,4660.63,2025-04-01 13:31:03,0
d0b409fb,TXN49474,2318.46,2025-04-09 11:22:49,1
8c58e6c8,TXN96093,2560.08,2025-04-01 15:36:44,1
05f2e759,TXN32566,4986.31,2025-04-04 00:54:25,0
1f820c7d,TXN17106,3839.37,2025-04-04 00:37:39,0
18f47b3b,TXN30902,1107.08,2025-04-09 03:26:42,0
472046d6,TXN75350,1496.99,2025-04-09 21:17:54,1
d1d5248f,TXN94252,1149.41,2025-04-09 18:28:42,0
fa1721f0,TXN38804,1271.26,2025-04-01 05:06:43,0
5ec87521,TXN9620,589.08,2025-04-02 20:36:08,0
95b548fa,TXN7235,813.69,2025-04-04 12:08:20,0
d4a9524a,TXN43009,3048.29,2025-04-06 13:20:49,0
1faa56c0,TXN11687,4413.77,2025-04-04 05:47:20,0
81dc2799,TXN55853,464.22,2025-04-09 10:11:30,0
f2242fce,TXN64151,1992.76,2025-04-06 22:00:14,0
91ad53f6,TXN84186,3181.18,2025-04-04 02:14:15,0
1571353b,TXN98074,2963.56,2025-04-01 16:57:13,0
1e758754,TXN8817,4857.49,2025-04-07 23:41:30,0
c619762e,TXN80429,135.01,2025-04-08 09:47:28,0
2c1ebe3d,TXN32012,3911.44,2025-04-04 18:51:02,1
60ef295b,TXN68868,3672.87,2025-04-07 17:22:13,0
0596cc44,TXN7402,1900.62,2025-04-06 01:13:30,0
cfd84aea,TXN80461,4686.61,2025-04-01 13:09:15,0
72a23197,TXN86576,1051.58,2025-04-07 23:18:39,0
b95ceb3d,TXN3026,4541.12,2025-04-08 19:42:15,0
d9074f8f,TXN90657,126.77,2025-04-07 07:11:42,1
69cb5353,TXN51744,2447.56,2025-04-09 19:13:29,0
ba0f64fa,TXN25082,4252.13,2025-04-08 02:54:34,0
bda0467b,TXN36547,136.04,2025-04-09 07:02:05,0
28f6b469,TXN26208,3879.14,2025-04-08 02:40:58,0
692e9400,TXN74894,4600.71,2025-04-04 00:21:23,0
00daf4fc,TXN96323,688.96,2025-04-08 10:27:09,0
c371a700,TXN250,2399.9,2025-04-01 14:34:51,0
63372cf1,TXN26711,3269.85,2025-04-06 09:34:53,1
c89bde17,TXN98776,1332.54,2025-04-07 23:01:55,1
6408fe09,TXN87189,121.19,2025-04-08 02:36:48,0
dd58a45c,TXN15026,600.33,2025-04-04 19:59:33,0
e1b96cfc,TXN93234,1572.98,2025-04-03 18:55:42,0
a48f0b5e,TXN81761,1368.53,2025-04-05 03:13:31,0
50a9db5f,TXN11244,731.81,2025-04-02 23:10:35,0
a01bd5a3,TXN24835,4597.16,2025-04-03 23:20:50,0
79890049,TXN95449,1205.53,2025-04-06 02:16:30,0
e605187d,TXN59437,680.49,2025-04-06 09:45:42,0
81b68ed9,TXN16881,565.97,2025-04-02 15:02:32,0
68fc873d,TXN79721,974.91,2025-04-07 03:04:24,0
bd2ce818,TXN91914,2850.38,2025-04-06 15:21:14,0
810e8654,TXN50561,3951.94,2025-04-04 22:09:55,0
57ccca46,TXN81915,3527.53,2025-04-07 08:47:21,0
3b18047f,TXN43065,255.85,2025-04-01 08:44:05,0
b607fd0c,TXN34307,596.34,2025-04-06 03:09:09,0
b1a9023d,TXN44618,4741.7,2025-04-01 12:18:25,0
75e34fab,TXN92247,3408.17,2025-04-06 17:36:28,0
e8269b4d,TXN8996,1198.25,2025-04-01 22:50:29,0
f852b0e0,TXN52354,3439.91,2025-04-02 00:58:02,1
c9a00da6,TXN88788,1483.53,2025-04-09 05:32:05,1
fff5635c,TXN22363,1302.88,2025-04-03 05:41:12,0
b8d8c4b1,TXN13494,776.03,2025-04-01 01:31:23,0
68d4458e,TXN11053,3784.3,2025-04-06 22:46:57,0
b01eb240,TXN58273,4452.47,2025-04-03 05:59:15,1
a67103f4,TXN21589,750.7,2025-04-04 04:37:25,0
2580ec17,TXN21275,227.32,2025-04-04 03:02:18,0
843e8975,TXN42580,3945.45,2025-04-02 11:53:45,0
bf92d878,TXN12023,4967.43,2025-04-08 04:42:41,0
5e2584eb,TXN5823,4424.04,2025-04-04 23:46:01,0
aabc1d55,TXN68593,1885.47,2025-04-01 13:47:45,0
cc0f58fa,TXN1124,1330.06,2025-04-01 06:30:47,0
547fe2cb,TXN62201,4806.34,2025-04-03 16:01:01,0
b4120259,TXN29689,2177.64,2025-04-07 18:20:28,0
d0f58e2f,TXN34092,3308.8,2025-04-01 01:35:54,0
1956699a,TXN93443,1582.84,2025-04-04 13:59:06,0
19a07071,TXN33035,4387.1,2025-04-09 16:08:09,0
861bd220,TXN70186,4915.2,2025-04-02 03:08:02,0
638c8dec,TXN91737,3778.19,2025-04-09 23:38:26,0
63a76caf,TXN36903,190.57,2025-04-08 08:05:20,0
d890b27e,TXN16253,3415.91,2025-04-04 14:21:27,0
3faeb739,TXN93064,313.08,2025-04-02 02:12:22,0
92435fec,TXN93001,918.08,2025-04-09 20:13:34,0
a351238b,TXN61595,115.46,2025-04-01 23:08:09,0
5d8b8718,TXN67472,4088.91,2025-04-09 18:29:23,0
b7a31712,TXN13588,684.08,2025-04-09 01:58:49,1
770cfc4a,TXN81182,3412.22,2025-04-07 07:50:33,0
9a71d7d6,TXN11677,3434.84,2025-04-01 23:02:56,0
53a48744,TXN20537,3533.82,2025-04-08 20:51:38,0
31c0c5d1,TXN99976,462.35,2025-04-04 04:04:58,0
6313a084,TXN65999,628.05,2025-04-07 06:38:27,0
41712322,TXN28974,3769.62,2025-04-03 15:38:54,0
b63d1722,TXN69353,1977.35,2025-04-09 08:57:18,0
0eb1792d,TXN84001,4356.19,2025-04-05 08:49:16,0
8744b579,TXN32149,659.86,2025-04-09 18:02:54,0
67214d50,TXN5304,3508.17,2025-04-07 04:14:47,0
5071d189,TXN23260,1362.38,2025-04-06 09:27:40,0
3a3c7705,TXN15560,909.67,2025-04-04 07:04:24,0
ee6d4530,TXN93284,1940.29,2025-04-05 16:58:14,0
41d51660,TXN1663,4925.6,2025-04-07 06:24:22,0
694f343b,TXN22060,1591.15,2025-04-01 03:36:44,0
b404b2e2,TXN6521,1517.92,2025-04-06 22:22:08,0
835c5edb,TXN18003,3238.99,2025-04-07 13:31:37,0
e2576313,TXN98297,822.06,2025-04-02 00:15:05,0
9a68fba4,TXN26315,4677.61,2025-04-09 02:46:15,0
123a5c5f,TXN7864,1015.73,2025-04-02 10:35:34,0
447d1bca,TXN6094,2326.82,2025-04-05 00:20:25,0
5738e4c5,TXN98331,1543.88,2025-04-01 05:37:23,0
10368728,TXN69117,3809.22,2025-04-07 09:26:59,0
8c5dac98,TXN80957,1472.28,2025-04-02 13:41:17,1
bf48c8eb,TXN64821,4725.62,2025-04-06 07:38:07,0
cc3bf2f7,TXN24035,2715.18,2025-04-07 08:17:30,1
9acfe79b,TXN340,2328.56,2025-04-01 15:14:18,0
ccb37c10,TXN52351,482.74,2025-04-01 00:15:34,0
9aa1d87c,TXN60334,4805.47,2025-04-07 03:55:19,0
1a478534,TXN73689,1980.94,2025-04-05 13:10:41,0
2de0f798,TXN14104,3063.88,2025-04-07 12:07:09,0
ff1360e7,TXN7636,3760.47,2025-04-04 20:11:35,0
04bd9c88,TXN98995,1013.91,2025-04-03 00:56:01,0
7fbdaee9,TXN75821,3422.35,2025-04-09 21:54:31,0
237ad637,TXN70325,2606.49,2025-04-05 14:47:29,0
6b8d4eed,TXN45785,3455.21,2025-04-09 02:29:56,0
13f44501,TXN49413,3606.74,2025-04-02 12:29:02,0
2b3ee313,TXN87257,756.56,2025-04-06 17:09:35,0
dbe178e2,TXN86207,1739.91,2025-04-09 06:28:51,0
23c29778,TXN74678,3068.87,2025-04-02 15:06:04,0
54edd582,TXN48324,554.69,2025-04-09 04:09:35,0
c4d34cab,TXN87580,2745.73,2025-04-03 07:36:36,0
1da433eb,TXN73354,3435.21,2025-04-04 01:04:10,0
1f2244ec,TXN51896,4969.49,2025-04-05 13:02:44,1
9d3fc2fc,TXN20305,1215.85,2025-04-07 17:55:34,0
5b861d7d,TXN17894,1475.28,2025-04-05 13:48:56,0
c80c1c94,TXN99930,2705.98,2025-04-04 17:59:35,0
2ce2a2ea,TXN15644,3680.13,2025-04-08 15:53:08,1
57a10384,TXN60580,2416.14,2025-04-04 14:08:50,0
5eaac10a,TXN81319,871.47,2025-04-03 14:53:33,0
f26c5f96,TXN86160,1402.84,2025-04-01 22:29:23,0
95870500,TXN83722,2295.72,2025-04-01 01:43:51,0
ec3a2ff6,TXN59429,2304.41,2025-04-07 10:41:36,0
c6d67b61,TXN3620,2372.63,2025-04-08 00:43:52,0
d43db430,TXN71950,4457.09,2025-04-08 01:32:11,0
572068e9,TXN65346,341.55,2025-04-09 23:00:36,0
074584b7,TXN87693,4467.38,2025-04-07 01:24:42,1
ac8f0793,TXN70516,4475.29,2025-04-03 02:18:08,0
ff7b1d54,TXN57521,3381.44,2025-04-04 12:35:50,0
a35de353,TXN17134,320.3,2025-04-01 22:22:38,1
6674a405,TXN50910,4203.91,2025-04-03 11:32:25,0
1074a47a,TXN65424,2216.42,2025-04-06 21:07:37,0
b4692091,TXN1180,3683.09,2025-04-01 07:29:34,0
be73ecd7,TXN67750,1270.05,2025-04-03 09:18:36,0
ad2717b6,TXN74777,1437.38,2025-04-02 12:14:36,0
b261867e,TXN65424,600.22,2025-04-04 00:13:29,1
9a9f74dc,TXN72323,2652.64,2025-04-06 19:09:16,0
d54877c1,TXN86080,4697.53,2025-04-03 12:10:15,0
a606168a,TXN99439,211.68,2025-04-02 16:30:55,0
def27867,TXN18885,2164.23,2025-04-03 23:38:26,0
c8ad85f6,TXN44815,2205.78,2025-04-03 05:12:59,0
a68251e0,TXN74026,1648.14,2025-04-04 22:49:17,1
7867dea8,TXN54577,293.12,2025-04-08 20:20:19,0
e38c105c,TXN43065,1445.15,2025-04-07 21:57:05,1
59bea886,TXN98870,559.34,2025-04-01 07:30:10,0
cc6314fc,TXN85426,3084.32,2025-04-09 07:14:49,0
4f4e213a,TXN13149,3537.68,2025-04-08 04:47:51,0
f1decd24,TXN14016,2277.41,2025-04-07 00:44:33,0
35ad7967,TXN63442,1483.12,2025-04-06 21:49:27,1
9a58cfcf,TXN65087,762.31,2025-04-09 22:03:52,0
395e58cd,TXN17579,1309.48,2025-04-05 04:39:56,0
d723ee0e,TXN29017,2152.49,2025-04-05 22:42:18,0
66424ec5,TXN47720,3956.18,2025-04-01 13:25:35,0
88a5eb96,TXN38316,4167.31,2025-04-08 18:23:45,0
eac6ecc4,TXN89156,3476.51,2025-04-06 18:48:37,0
da3b45e5,TXN63629,2242.13,2025-04-05 02:43:49,1
821ad2da,TXN48990,1008.77,2025-04-07 17:00:19,0
11e0b736,TXN41274,498.42,2025-04-06 22:45:17,0
3d6bf615,TXN43475,2870.19,2025-04-09 07:58:38,0
547b24c5,TXN5884,3232.9,2025-04-09 20:06:40,0
ed7c522d,TXN52858,1152.7,2025-04-04 01:58:05,0
ef8ea85a,TXN39960,4863.51,2025-04-08 16:48:03,1
9d922baa,TXN40717,4495.31,2025-04-09 04:33:34,0
edf29b6b,TXN55641,3999.46,2025-04-07 23:59:47,0
1b4f8f11,TXN53395,278.71,2025-04-08 10:55:16,0
fd65976b,TXN58038,3402.13,2025-04-07 18:15:50,0
6da07e32,TXN39289,2396.11,2025-04-08 10:30:23,0
013b1be0,TXN16758,1473.55,2025-04-03 04:36:16,0
99453e06,TXN78794,304.4,2025-04-09 06:17:13,0
51781445,TXN45597,2564.84,2025-04-04 16:48:24,0
513b0bb1,TXN93769,3068.07,2025-04-06 09:17:41,0
f7b20c14,TXN24103,927.95,2025-04-03 14:39:47,0
13e28b48,TXN27435,383.32,2025-04-06 07:27:09,0
fd2a055b,TXN56997,615.12,2025-04-07 19:31:03,0
1e253d0e,TXN52430,2321.67,2025-04-09 19:27:35,0
8fcf4ad2,TXN15228,704.6,2025-04-04 23:44:07,0
49bf3962,TXN8940,4863.27,2025-04-04 15:24:56,0
2daeb957,TXN3951,2079.86,2025-04-08 18:00:34,0
f2026306,TXN63851,3877.72,2025-04-06 08:11:37,0
68a42f8f,TXN35155,4187.13,2025-04-07 07:37:24,0
c0b300a4,TXN23542,2138.41,2025-04-09 02:25:39,0
72fe6f93,TXN49591,4533.64,2025-04-09 05:14:25,0
dba2ac33,TXN77787,1077.88,2025-04-08 21:19:40,0
b2217fcb,TXN31742,4375.57,2025-04-08 02:57:23,1
733eceab,TXN94279,3931.14,2025-04-01 04:32:41,0
01595eba,TXN93443,4493.7,2025-04-05 18:35:07,1
194a344a,TXN88490,4277.08,2025-04-03 10:20:48,0
6cbc22b1,TXN80957,2174.45,2025-04-06 03:40:32,0
d03f5101,TXN23720,1430.74,2025-04-09 22:58:43,0
4f8bc2e6,TXN78484,2524.86,2025-04-09 19:40:23,0
7bb46bcf,TXN76549,4454.5,2025-04-03 21:34:36,0
44a5f86c,TXN49413,1480.53,2025-04-06 19:57:38,1
4353aeb3,TXN40293,2781.86,2025-04-05 11:30:59,0
b193c6b7,TXN45505,4126.16,2025-04-06 17:17:26,0
1aa20695,TXN90680,1508.94,2025-04-04 07:26:05,0
7d21db39,TXN38783,4103.28,2025-04-04 18:51:55,0
660e316d,TXN87014,4596.11,2025-04-02 19:33:38,0
0835040d,TXN97347,1480.14,2025-04-08 02:28:31,0
70d8cda5,TXN19263,4892.1,2025-04-09 04:19:42,0
b9cd4734,TXN87827,4375.98,2025-04-04 10:22:41,1
3df58dda,TXN61123,3227.67,2025-04-03 11:45:09,0
90924c09,TXN56026,3621.25,2025-04-05 00:40:05,0
ed8a23c4,TXN47293,1423.47,2025-04-05 14:36:04,0
f3b49920,TXN48028,4612.6,2025-04-04 05:03:51,0
899562ca,TXN79197,670.49,2025-04-08 16:07:14,0
f2daf3a9,TXN58791,2514.19,2025-04-06 11:14:22,0
3cdd213e,TXN13854,4913.19,2025-04-03 00:15:49,0
bd16544f,TXN91683,553.04,2025-04-07 18:03:34,0
c555f322,TXN74672,4867.47,2025-04-07 12:59:26,0
5ac6cbb6,TXN65892,609.52,2025-04-06 20:47:50,0
cbc19ed0,TXN82602,262.19,2025-04-08 06:51:04,0
fff2e770,TXN43452,4740.21,2025-04-09 23:14:23,0
b19feac3,TXN41145,3260.02,2025-04-02 21:14:45,0
16c43394,TXN50585,3778.34,2025-04-09 06:42:37,0
26e40181,TXN47277,3230.48,2025-04-01 02:49:23,0
e1d5f5ee,TXN20219,289.19,2025-04-09 00:37:59,0
d8ac549a,TXN91088,2608.98,2025-04-04 07:12:57,0
25640371,TXN78911,3738.73,2025-04-04 12:52:57,0
21bc868e,TXN7051,717.85,2025-04-07 13:20:16,0
45e36653,TXN38340,546.26,2025-04-01 18:59:45,0
2c6ddf08,TXN38756,3187.69,2025-04-03 20:17:20,0
8a904218,TXN65961,3329.56,2025-04-05 23:15:26,0
22312f04,TXN39187,4105.3,2025-04-07 22:43:59,1
2b51e241,TXN98776,1545.24,2025-04-02 21:59:22,0
f65d4fe6,TXN83994,1636.5,2025-04-02 07:41:16,0
a43eea14,TXN60554,972.31,2025-04-02 15:01:56,0
c348c1bd,TXN98878,2667.99,2025-04-08 12:39:37,0
654834cb,TXN85475,4025.57,2025-04-02 08:36:14,0
4a1ba26b,TXN68035,3103.0,2025-04-02 06:15:49,1
e3acc231,TXN87014,1333.45,2025-04-08 18:50:17,1
feb68c99,TXN37448,4835.22,2025-04-03 06:56:00,0
15300764,TXN95480,1741.14,2025-04-03 04:06:35,0
4496f9e2,TXN65887,3931.16,2025-04-02 07:41:12,1
82691f33,TXN68506,4693.5,2025-04-05 12:51:49,0
e031ecd3,TXN26922,2086.58,2025-04-04 04:58:23,0
de9ce1bd,TXN70165,751.95,2025-04-09 12:08:32,0
1e1c8458,TXN37388,2390.95,2025-04-05 05:23:03,0
666d9fa1,TXN26098,2632.76,2025-04-06 20:49:18,0
9a82b1ff,TXN83527,4136.87,2025-04-08 09:50:50,0
c90115f7,TXN11835,3057.88,2025-04-04 12:34:44,1
f66470c8,TXN70857,986.45,2025-04-08 11:07:27,1
78341961,TXN43173,2408.54,2025-04-03 23:02:54,0
be7a0084,TXN87762,1354.03,2025-04-06 17:35:06,0
61a90796,TXN17665,1574.31,2025-04-03 09:03:15,0
99d41270,TXN36563,3207.22,2025-04-06 06:34:02,0
db5ab68b,TXN81182,2732.47,2025-04-07 20:28:02,1
6005380e,TXN64990,2828.59,2025-04-01 07:43:19,0
ef3375a6,TXN50258,895.93,2025-04-04 22:15:12,0
12d1882b,TXN33382,165.06,2025-04-03 03:44:53,0
bcf9e1d9,TXN59232,2421.04,2025-04-03 20:11:28,0
ee422bb8,TXN98271,1525.8,2025-04-01 12:12:53,0
f0df7276,TXN72846,1821.69,2025-04-04 03:10:43,0
b2d166f0,TXN43882,4069.47,2025-04-06 16:09:14,0
1dd0c22f,TXN28301,3817.8,2025-04-03 22:34:30,0
891dab4a,TXN6009,2986.73,2025-04-06 14:49:27,0
1f4e8f2c,TXN77183,104.06,2025-04-05 14:12:23,1
3e0cb82c,TXN45505,4824.19,2025-04-04 22:42:22,0
780c7ad1,TXN42191,1071.56,2025-04-01 08:09:03,0
5a430017,TXN26628,525.67,2025-04-06 12:50:40,0
325e12ea,TXN43549,2579.4,2025-04-03 03:00:26,1
d7d18785,TXN36946,381.03,2025-04-08 06:15:17,0
19edd7e9,TXN34197,1603.94,2025-04-09 02:08:47,0
48e20e79,TXN45852,3288.31,2025-04-05 12:45:58,0
e39c46b7,TXN50585,3431.03,2025-04-04 23:23:11,1
8a0bee6d,TXN70269,631.77,2025-04-01 18:49:31,0
0b44d729,TXN69353,3186.23,2025-04-03 10:48:42,1
cba60ac8,TXN18885,4467.61,2025-04-06 20:24:57,1
22c1fd0f,TXN73895,882.15,2025-04-04 02:07:57,0
61eb8480,TXN66532,4175.94,2025-04-06 22:23:55,0
338ab7df,TXN46099,3387.96,2025-04-09 08:34:25,0
15128c39,TXN88028,1276.1,2025-04-01 22:26:44,0
bc3ae319,TXN9510,3242.06,2025-04-08 09:26:50,0
3e8d0d3c,TXN77183,496.18,2025-04-09 11:58:35,0
71777366,TXN74026,1536.01,2025-04-02 19:19:59,0
48de6af4,TXN18937,3651.14,2025-04-03 15:23:35,0
19a3e8ff,TXN45207,420.05,2025-04-09 13:47:17,0
6ec2976e,TXN57574,103.72,2025-04-09 21:31:16,0
fad5b45d,TXN72803,4658.47,2025-04-07 09:42:30,0
01d93b3f,TXN12344,540.83,2025-04-06 16:42:34,0
755a402f,TXN81845,1410.93,2025-04-04 07:53:19,0
c1d65aa8,TXN29959,2954.86,2025-04-02 07:37:57,0
e9b8b0ac,TXN36715,2879.37,2025-04-07 05:10:31,0
6a7d8861,TXN6127,4687.02,2025-04-03 09:13:42,0
cd58b1d4,TXN9510,323.99,2025-04-09 04:50:52,1
155fe3d1,TXN13681,432.21,2025-04-04 03:03:38,0
6c0b6534,TXN65014,3043.9,2025-04-03 16:56:31,0
d11997b4,TXN12507,2522.71,2025-04-05 00:09:40,0
ec596c40,TXN80011,4894.4,2025-04-07 00:28:43,1
d368c8cc,TXN38968,1787.14,2025-04-02 08:35:07,0
9f02dd71,TXN45851,3436.43,2025-04-04 19:22:44,0
a4a4cf90,TXN87892,4020.75,2025-04-03 06:25:05,0
adc5fb84,TXN24265,1650.17,2025-04-02 06:47:54,0
63c3dd9c,TXN21717,2405.66,2025-04-04 12:36:23,0
f34d131c,TXN33592,1656.73,2025-04-05 18:45:51,0
d45e6717,TXN70193,1803.32,2025-04-02 07:55:46,0
0791a532,TXN38611,2521.39,2025-04-02 20:27:37,0
28e287e3,TXN19261,664.83,2025-04-04 06:29:55,0
82208c31,TXN53733,1562.14,2025-04-02 20:37:32,0
57a32bdf,TXN42433,2803.13,2025-04-01 05:34:10,0
c917d5e1,TXN54459,363.39,2025-04-07 09:32:28,1
075d75c7,TXN32159,2072.53,2025-04-05 00:23:39,0
43d8b86b,TXN93208,3725.82,2025-04-05 09:57:08,1
8064b2fc,TXN36304,4088.33,2025-04-06 06:37:21,0
466396d9,TXN68037,3673.74,2025-04-06 11:32:23,0
7fd5ba25,TXN32704,2231.3,2025-04-08 15:47:53,0
6d0a3358,TXN84466,1986.09,2025-04-03 03:41:39,0
523dce50,TXN11835,1887.27,2025-04-07 16:21:46,0
c4df9b2c,TXN8603,3445.92,2025-04-06 15:52:46,1
8abb4894,TXN41862,2412.4,2025-04-05 01:36:00,0
49357782,TXN47720,3422.52,2025-04-05 02:28:27,1
aa886b9d,TXN66515,1418.56,2025-04-03 10:52:46,0
a3c6f5c8,TXN44279,4477.43,2025-04-01 19:06:08,0
b10c315a,TXN4322,261.73,2025-04-07 07:33:54,0
4be6c821,TXN24277,192.07,2025-04-07 22:36:12,0
76df24bc,TXN1622,3872.88,2025-04-08 00:53:37,0
0ba1ebe7,TXN22989,1792.7,2025-04-05 06:55:24,0
4780f99d,TXN15041,961.14,2025-04-02 20:59:18,0
917fac42,TXN97306,3759.7,2025-04-08 08:35:00,0
54346c30,TXN25907,640.02,2025-04-05 20:58:23,0
017d2afa,TXN65495,2017.76,2025-04-01 06:08:12,0
a30d0dda,TXN99092,3466.95,2025-04-05 17:00:57,0
5d528bbe,TXN15849,2711.25,2025-04-04 22:45:46,0
f27d4c7a,TXN62466,1316.5,2025-04-09 05:23:40,0
58843ba4,TXN64542,1589.62,2025-04-06 09:44:19,0
614e9305,TXN36981,3021.83,2025-04-04 00:51:56,0
92996a90,TXN45806,3510.3,2025-04-04 20:02:27,0
2b1b8e96,TXN15247,540.03,2025-04-07 17:55:17,0
282f8ca9,TXN55943,368.07,2025-04-01 13:18:35,0
b141e941,TXN33636,2580.67,2025-04-02 00:08:38,0
16ef2cbe,TXN50591,2551.27,2025-04-06 23:59:20,0
9c697b52,TXN4296,917.21,2025-04-08 19:04:14,0
825d4cb6,TXN53750,1426.1,2025-04-04 10:25:03,0
8f459fc7,TXN32707,4694.86,2025-04-09 14:49:38,0
18985b78,TXN99491,3722.81,2025-04-08 15:41:38,1
3af865cd,TXN58236,2193.9,2025-04-08 01:03:17,0
94c5b9cb,TXN27596,3665.64,2025-04-02 19:27:28,0
55ef0628,TXN56197,1547.54,2025-04-07 07:06:52,0
d66f50c6,TXN10503,4754.3,2025-04-06 07:39:25,0
a5fb021a,TXN92858,2772.33,2025-04-01 01:58:52,0
8314f8f8,TXN17818,1187.86,2025-04-03 09:10:15,0
10d3d07f,TXN23359,2663.89,2025-04-08 08:25:23,0
1f314f49,TXN94572,975.78,2025-04-09 23:14:13,0
e667430a,TXN53789,4266.6,2025-04-01 09:54:42,0
61dd21a7,TXN22758,2485.94,2025-04-08 17:47:30,0
756eb247,TXN60559,4651.77,2025-04-05 17:58:41,0
5589af71,TXN26964,4195.92,2025-04-06 03:44:34,1
eb8f9f4b,TXN84362,1335.35,2025-04-03 23:49:36,0
738fc167,TXN23855,671.35,2025-04-07 19:57:21,0
fa7b6769,TXN3782,4970.57,2025-04-08 22:39:08,0
2df4aedb,TXN28567,2560.48,2025-04-08 05:29:21,0
38d7aed3,TXN94252,2637.48,2025-04-07 07:15:47,1
948fcd02,TXN18623,3782.26,2025-04-07 08:41:20,0
48cebcd6,TXN95915,132.59,2025-04-04 06:55:22,0
043acc11,TXN47012,1600.29,2025-04-08 03:13:11,0
fe64ca24,TXN37740,1740.96,2025-04-06 02:53:44,0
16706505,TXN43046,4669.55,2025-04-02 03:28:53,0
4ccd7d4e,TXN81553,2232.08,2025-04-05 20:45:25,0
360ee25c,TXN52953,3857.54,2025-04-05 09:39:08,1
8a165d34,TXN34017,4555.89,2025-04-02 17:30:54,0
3f828adf,TXN54884,2619.9,2025-04-03 09:36:23,0
a9c55eb0,TXN99026,3552.4,2025-04-02 17:05:16,0
352693ad,TXN8695,3269.03,2025-04-04 18:06:07,0
354992c6,TXN34726,3722.31,2025-04-04 12:07:51,0
1613b63a,TXN88788,285.38,2025-04-08 18:31:07,0
7553d32d,TXN14430,2840.87,2025-04-08 04:39:24,0
a11b06dd,TXN80011,1985.29,2025-04-01 20:56:22,0
c3575f7b,TXN90177,3031.56,2025-04-07 22:03:48,0
871df14a,TXN8648,2748.89,2025-04-04 20:45:56,0
96f0ef02,TXN72675,4133.66,2025-04-07 15:01:18,0
3eeb6167,TXN50899,2845.88,2025-04-09 22:31:24,0
664332da,TXN86646,125.16,2025-04-09 14:22:57,1
58f13537,TXN99169,2025.53,2025-04-05 14:09:04,0
cfb230a7,TXN46682,1588.2,2025-04-09 09:44:50,0
7a9c71fe,TXN76561,3217.3,2025-04-06 15:43:29,0
3c8b2667,TXN67586,1182.01,2025-04-06 07:16:45,0
3d65d3fc,TXN13399,4560.7,2025-04-07 22:21:39,0
1f1ba97a,TXN31287,1179.54,2025-04-01 09:18:48,0
be4abf58,TXN40293,1961.57,2025-04-01 17:13:11,1
29db5c50,TXN49887,3846.38,2025-04-05 12:41:50,0
caa69a8a,TXN15182,2859.29,2025-04-07 21:04:37,0
ab61294f,TXN94619,4703.75,2025-04-02 06:03:01,0
443b2331,TXN62756,4209.51,2025-04-03 14:02:13,1
9533422c,TXN85687,4793.46,2025-04-09 22:30:46,0
4038ea26,TXN78794,4742.07,2025-04-06 23:06:59,1
1a819559,TXN49180,3447.78,2025-04-02 10:58:44,0
1d9c6ad3,TXN45877,3810.69,2025-04-07 17:13:44,0
b0f504be,TXN87069,1163.87,2025-04-02 15:39:21,1
a6017254,TXN70474,4724.9,2025-04-05 09:01:52,0
bc493ba3,TXN57913,2592.74,2025-04-09 05:27:28,0
70653900,TXN87693,1068.39,2025-04-04 22:22:25,0
e34d6f41,TXN79022,4082.79,2025-04-06 05:30:52,0
51c2ee98,TXN98486,1504.09,2025-04-08 02:07:08,0
20bd9198,TXN57277,2533.89,2025-04-09 21:28:34,1
de18422f,TXN1344,1856.02,2025-04-06 07:03:27,0
cc6739a2,TXN81893,2436.87,2025-04-03 15:39:39,0
be68d702,TXN43105,1458.81,2025-04-05 08:43:04,0
f5ef79be,TXN12458,2040.44,2025-04-07 18:23:06,0
b556c2a1,TXN43032,2935.04,2025-04-05 21:40:47,0
efeb812d,TXN9956,3541.77,2025-04-03 21:21:42,0
375dc1de,TXN77566,3109.23,2025-04-07 20:20:03,0
fb14f2fb,TXN28053,4763.27,2025-04-09 09:03:18,1
8ced9c1d,TXN56810,4357.78,2025-04-03 21:53:34,0
46f3505c,TXN38804,1001.01,2025-04-06 13:25:30,1
00703c55,TXN83722,1377.83,2025-04-06 16:21:22,1
2a6e7c11,TXN88923,2996.28,2025-04-01 02:05:31,0
efe446b4,TXN1344,2277.58,2025-04-06 01:13:03,1
68b2af8e,TXN80314,3433.1,2025-04-01 12:10:26,0
2dd96d98,TXN82546,2658.78,2025-04-07 08:57:12,0
3081eba3,TXN7251,698.61,2025-04-01 18:35:08,0
eca95a52,TXN60230,627.88,2025-04-02 08:51:30,0
b96f9fbd,TXN21060,493.98,2025-04-05 17:42:31,1
b42983a2,TXN21227,3610.15,2025-04-01 16:55:34,0
19b9300a,TXN21454,3901.46,2025-04-01 02:49:01,0
a106b6d4,TXN93581,380.09,2025-04-04 16:57:52,0
fe6a0897,TXN81993,506.37,2025-04-04 09:42:15,0
306a5ad8,TXN29395,4398.66,2025-04-07 06:59:21,0
7a9f44b2,TXN50004,4677.46,2025-04-04 17:19:32,0
f19ec127,TXN2465,1107.13,2025-04-05 11:35:19,0
9da8a609,TXN60246,2624.79,2025-04-07 16:37:13,0
a2c572d3,TXN62506,3899.27,2025-04-02 09:59:04,0
c0f221eb,TXN65553,2777.76,2025-04-09 08:39:18,0
e0d81a53,TXN30959,4056.7,2025-04-01 22:32:16,0
1ebafc7a,TXN16549,3633.59,2025-04-02 00:33:30,1
4613be44,TXN53574,3866.26,2025-04-08 19:28:53,0
89c9d69e,TXN14210,3586.36,2025-04-06 10:53:42,1
5db068b9,TXN98560,3876.97,2025-04-06 05:05:31,0
875f0903,TXN74384,2628.22,2025-04-01 03:22:44,0
9ca7ca69,TXN35071,1692.86,2025-04-01 05:09:56,0
01fecc50,TXN93527,940.29,2025-04-03 21:46:09,0
0ab85117,TXN28758,845.16,2025-04-07 06:00:39,0
3d772720,TXN22329,4377.51,2025-04-09 10:30:22,0
8df06bbf,TXN60246,2360.76,2025-04-07 01:49:07,1
147318e0,TXN42530,3556.52,2025-04-08 08:06:48,0
1c7767a9,TXN82129,4222.68,2025-04-05 17:59:33,0
00d3faa7,TXN94451,1207.83,2025-04-06 15:14:17,0
5e6f4540,TXN62502,1941.05,2025-04-06 23:29:26,0
904a8f1b,TXN81233,3774.45,2025-04-05 08:33:02,0
e1abdbbc,TXN13588,4327.66,2025-04-03 15:53:53,0
41ed5ae6,TXN76645,2019.95,2025-04-09 20:59:51,0
ff5d8516,TXN67542,2884.95,2025-04-04 01:58:08,0
d9a39ba3,TXN87879,3401.78,2025-04-03 17:55:09,0
3a27da3c,TXN6455,1474.94,2025-04-09 20:30:36,0
d31891b2,TXN89365,239.94,2025-04-01 02:48:59,0
77bf3a80,TXN63029,109.13,2025-04-01 22:50:03,0
635ceb93,TXN96093,4422.88,2025-04-08 23:35:24,0
38aad201,TXN54983,374.39,2025-04-09 16:34:42,0
4092f902,TXN52354,1230.94,2025-04-05 10:06:17,0
ad21211e,TXN2620,4877.11,2025-04-04 11:28:06,0
86fa865f,TXN14298,2556.82,2025-04-01 16:22:56,0
0a9977cc,TXN20923,2577.83,2025-04-09 09:29:14,0
7ff3da67,TXN6860,1811.14,2025-04-05 23:49:52,0
f747116e,TXN80003,4378.58,2025-04-02 00:40:59,0
7f1f7dc9,TXN46653,856.21,2025-04-02 22:31:11,0
7e7fc3be,TXN63851,1595.97,2025-04-06 19:39:48,1
581b228f,TXN98331,395.71,2025-04-04 19:31:52,1
4ec1309f,TXN97607,650.73,2025-04-05 23:15:33,0
c3247216,TXN92025,1105.25,2025-04-02 06:52:38,0
2853fb9f,TXN409,1020.19,2025-04-01 06:07:09,0
213ebcff,TXN39725,4106.9,2025-04-09 11:30:48,0
0c3f85ab,TXN44612,1046.69,2025-04-09 17:18:38,1
a39ffb5d,TXN48609,1693.17,2025-04-03 22:48:25,0
464f9e9b,TXN76958,4147.75,2025-04-08 03:30:09,0
68c75212,TXN18003,3503.86,2025-04-08 11:09:49,1
84403557,TXN21577,4458.75,2025-04-07 01:30:05,0
8d7f1a9d,TXN73710,4366.54,2025-04-03 09:38:16,0
ba13f033,TXN98267,2517.86,2025-04-07 06:19:15,0
d78acca3,TXN97618,3942.42,2025-04-02 09:49:14,0
657ba879,TXN23721,3911.2,2025-04-05 06:46:09,0
5d2494be,TXN81006,4796.48,2025-04-01 08:36:00,0
26acdae6,TXN87265,3155.6,2025-04-03 01:20:29,0
e60c6a09,TXN6196,3338.51,2025-04-02 18:28:28,0
d81caaf8,TXN73415,259.65,2025-04-02 05:08:17,0
7b64ea98,TXN92037,3229.51,2025-04-06 07:13:05,0
ae9047f0,TXN43696,2736.8,2025-04-04 13:49:28,0
4bb04819,TXN81241,3583.1,2025-04-09 22:30:54,0
320fe388,TXN56059,3282.88,2025-04-04 08:10:27,0
d5562596,TXN72832,390.14,2025-04-08 20:45:21,0
ab23a22a,TXN61999,3799.35,2025-04-02 21:17:01,0
612c0fdf,TXN30408,3247.08,2025-04-04 13:52:27,0
2ec038cb,TXN10346,4601.99,2025-04-09 07:51:18,0
7e91bc3a,TXN13230,3786.37,2025-04-05 00:36:33,0
10d8d07a,TXN62934,1511.29,2025-04-04 19:18:46,0
0016ee95,TXN18029,2744.55,2025-04-02 17:27:40,0
c734fbb2,TXN65086,2032.34,2025-04-09 16:45:27,0
7d14de50,TXN44546,2115.64,2025-04-08 00:33:52,0
c06b982e,TXN46682,3252.67,2025-04-06 23:33:27,1
f2e3a73f,TXN47026,3667.73,2025-04-06 05:16:58,0
2e1dc8bb,TXN62646,546.44,2025-04-04 10:19:02,0
a7c0bdb8,TXN40717,4395.98,2025-04-08 19:38:32,1
412a6ac1,TXN75666,263.73,2025-04-02 07:46:37,0
d498e9cc,TXN20008,510.11,2025-04-04 08:46:43,0
36af274d,TXN30036,2321.86,2025-04-07 21:47:19,0
6a40e16c,TXN99467,4008.04,2025-04-06 14:09:52,0
104e2912,TXN13583,1940.68,2025-04-09 08:09:36,0
8d41dc64,TXN53957,1423.17,2025-04-01 11:18:40,0
231e1d4d,TXN57681,2581.56,2025-04-07 20:34:08,0
bc4df8bb,TXN63791,3349.17,2025-04-09 00:41:02,0
6ddcdbe6,TXN88399,3663.12,2025-04-01 01:24:52,0
32c349ad,TXN81846,3337.71,2025-04-06 06:16:23,0
90b1a344,TXN70857,2392.38,2025-04-02 19:13:08,0
4667ac85,TXN23721,885.21,2025-04-05 02:47:43,1
9f0bf755,TXN2647,450.77,2025-04-04 17:36:16,0
26fbaade,TXN56861,4433.21,2025-04-07 14:07:57,0
37f18672,TXN95179,4312.13,2025-04-08 10:18:04,0
f330253a,TXN72963,4491.72,2025-04-02 02:02:05,0
94dd567f,TXN41232,361.96,2025-04-06 00:17:43,0
ce63ea20,TXN34630,592.22,2025-04-09 03:57:10,0
1e14517b,TXN5663,112.3,2025-04-03 06:14:25,0
18d42248,TXN59617,1026.49,2025-04-01 13:24:55,0
66de3d47,TXN38016,4978.59,2025-04-02 04:45:15,0
2ea36d25,TXN92465,469.08,2025-04-01 10:49:39,0
f1bfd541,TXN82505,3736.0,2025-04-04 17:40:19,0
a5a755a8,TXN46985,2723.53,2025-04-08 18:49:14,0
a82ed2af,TXN60847,3495.14,2025-04-09 15:42:25,0
3eb63e85,TXN65031,1569.34,2025-04-02 09:48:56,0
4183d821,TXN49474,1233.8,2025-04-04 06:53:08,0
b2b70861,TXN29152,1156.66,2025-04-01 18:30:04,0
9d99f552,TXN76058,3904.45,2025-04-05 21:40:15,0
4c2c85dd,TXN96486,813.11,2025-04-08 12:00:05,1
84c0b1a2,TXN34049,4677.97,2025-04-01 16:08:05,0
f78d89b4,TXN8123,3758.43,2025-04-09 07:56:53,0
a4d9c851,TXN11053,3050.68,2025-04-03 15:54:43,1
92bc57e6,TXN56810,1657.06,2025-04-09 01:13:43,1
52032689,TXN11229,4360.57,2025-04-02 07:15:51,0
a7773c0b,TXN20365,4406.52,2025-04-07 08:50:45,0
f5a31024,TXN2614,2531.65,2025-04-08 20:33:29,0
f3baf510,TXN20685,2166.3,2025-04-03 07:45:39,0
0b045888,TXN56611,2893.83,2025-04-08 03:11:52,0
94ab66b3,TXN17440,1118.53,2025-04-09 12:19:46,0
e4cd87c4,TXN41511,3731.85,2025-04-08 16:09:00,1
a4a6e08f,TXN12281,2278.7,2025-04-05 15:27:46,0
e038a982,TXN41253,4160.78,2025-04-07 19:54:16,0
94acda6a,TXN8844,1679.91,2025-04-09 22:27:51,0
989bd11b,TXN20405,902.91,2025-04-09 07:40:40,0
c170cf10,TXN97281,4261.2,2025-04-03 00:37:09,0
1acf6f64,TXN62934,2357.85,2025-04-07 12:20:13,1
15ba8de5,TXN89989,680.78,2025-04-07 01:26:47,0
64d6c24c,TXN61638,4778.23,2025-04-06 04:50:35,0
03f91514,TXN62742,2244.79,2025-04-02 17:07:32,0
cf5879a7,TXN48773,3788.6,2025-04-06 07:59:06,0
f8534195,TXN18960,2579.5,2025-04-03 11:15:15,0
85ca6298,TXN49769,1605.64,2025-04-06 06:16:15,0
5aed7703,TXN92348,941.93,2025-04-01 12:45:55,0
bb991d6c,TXN37500,3948.56,2025-04-08 16:58:21,0
a3012549,TXN83525,1130.85,2025-04-03 15:22:37,0
803a7a3a,TXN62364,1330.98,2025-04-06 06:39:15,0
ff9725b9,TXN57508,3424.13,2025-04-01 07:26:36,0
e91dedf8,TXN24467,1767.42,2025-04-02 11:16:47,0
2178598f,TXN90680,2150.63,2025-04-07 02:55:35,1
e4afeab2,TXN10996,240.55,2025-04-07 23:53:31,0
be939085,TXN98147,4768.41,2025-04-07 01:28:37,0
b2b7ab25,TXN48693,1141.58,2025-04-07 17:21:21,0
e0a5e946,TXN44920,706.56,2025-04-06 08:51:48,0
4e5ac3db,TXN50027,4057.05,2025-04-09 19:31:43,0
bed39682,TXN65346,2617.99,2025-04-03 23:56:26,1
822fc760,TXN88785,3269.69,2025-04-08 06:32:20,0
fa3ebede,TXN40866,1553.9,2025-04-03 17:30:31,0
dcfef017,TXN94809,1242.72,2025-04-02 13:58:20,0
68e34196,TXN76608,4363.07,2025-04-02 16:05:43,1
703b598d,TXN58912,3057.13,2025-04-09 08:17:56,0
3ac2761a,TXN21441,312.83,2025-04-03 15:06:15,0
d5303a05,TXN27869,3490.4,2025-04-05 14:08:54,1
74c590d5,TXN44134,362.67,2025-04-04 08:57:42,0
8a017005,TXN2065,3907.8,2025-04-07 19:50:19,0
9a484bdc,TXN85609,2955.27,2025-04-06 04:12:34,0
fe0f4264,TXN384,3586.49,2025-04-05 12:07:16,0
85ae60f2,TXN79441,1134.45,2025-04-04 12:14:48,1
59ca4756,TXN8509,2005.53,2025-04-06 02:56:29,0
58e5a56d,TXN92415,596.49,2025-04-03 13:02:13,0
5829e180,TXN42283,655.74,2025-04-03 02:09:39,0
1c05a4d4,TXN75821,2111.37,2025-04-06 09:11:17,1
89733c92,TXN67626,1078.16,2025-04-08 22:38:02,0
fe3fd4f1,TXN67096,286.44,2025-04-02 14:46:07,0
ec8b99c9,TXN94628,699.61,2025-04-04 03:21:21,0
8780b15a,TXN64544,4793.36,2025-04-05 17:39:26,0
59275369,TXN33638,4632.94,2025-04-02 02:30:14,0
1e10e769,TXN61296,1897.13,2025-04-03 05:05:55,0
51c6eaf7,TXN93208,2420.02,2025-04-07 10:13:33,0
5007e773,TXN40561,890.45,2025-04-05 03:05:24,0
bbbeb80e,TXN97388,3273.95,2025-04-04 13:45:49,0
c974d57b,TXN3918,417.06,2025-04-09 07:21:19,0
7d8b7f4a,TXN59910,1958.82,2025-04-03 15:22:43,0
3d9008fe,TXN37952,494.42,2025-04-04 10:48:03,1
1b82512e,TXN97604,624.71,2025-04-03 00:58:18,0
3b1dc7bb,TXN41923,3116.54,2025-04-07 01:39:32,0
722ac78f,TXN44710,1675.23,2025-04-06 02:23:13,0
82ec7f0e,TXN44445,4246.15,2025-04-07 21:15:03,0
615ae220,TXN21799,1412.92,2025-04-02 11:03:52,0
20e156f4,TXN47195,4008.7,2025-04-04 21:46:36,0
4a24deb3,TXN63912,2535.52,2025-04-03 11:25:23,0
77c1aca9,TXN55251,4974.45,2025-04-05 19:28:24,0
77d1366a,TXN81493,3288.35,2025-04-01 19:08:34,0
2def8c78,TXN84771,4318.36,2025-04-07 20:20:45,0
0bd8a358,TXN22758,3245.15,2025-04-09 20:49:46,1
1ca13017,TXN71601,2056.88,2025-04-02 21:52:34,0
a875158c,TXN54037,2381.52,2025-04-08 06:49:16,0
ce94e7ac,TXN62830,1792.16,2025-04-03 17:59:19,0
71496579,TXN57930,4980.43,2025-04-01 08:33:47,0
a68e698b,TXN19056,4998.65,2025-04-03 13:38:46,0
3f197c92,TXN86646,4705.41,2025-04-01 04:43:33,0
ead8e867,TXN51573,2190.06,2025-04-08 06:54:19,0
a9d0eb81,TXN20004,1418.27,2025-04-07 23:29:08,1
343fee92,TXN38874,821.06,2025-04-07 10:47:25,0
3a586ddd,TXN82624,3581.17,2025-04-01 10:06:15,0
e72a303e,TXN54003,2986.95,2025-04-04 06:05:12,0
cab176ec,TXN27592,1878.16,2025-04-01 18:49:08,0
c8d122c9,TXN14144,2054.77,2025-04-05 15:40:29,0
6b0c5d3c,TXN40598,219.33,2025-04-09 10:28:30,0
8b50143d,TXN67611,3280.17,2025-04-05 21:53:29,0
f0b5958b,TXN33165,4752.44,2025-04-03 01:46:34,0
02676b8d,TXN34761,2791.65,2025-04-05 09:29:09,0
4f5742ec,TXN63467,2132.65,2025-04-01 05:53:31,0
ec1fe9c1,TXN72238,4617.36,2025-04-02 09:15:04,0
71019c90,TXN97579,4507.12,2025-04-01 22:54:19,0
2173e402,TXN621,1366.73,2025-04-04 18:09:13,0
0f609a73,TXN42186,4129.86,2025-04-08 04:38:07,0
d7d1da24,TXN60686,2109.02,2025-04-07 01:03:14,0
c5a67a54,TXN22309,3910.17,2025-04-06 06:38:29,0
5366c06e,TXN91109,4233.03,2025-04-06 04:08:11,0
6aa9ccfc,TXN94411,4435.4,2025-04-09 02:03:08,0
4df3a391,TXN43667,3230.47,2025-04-03 18:55:24,0
d45d43f4,TXN54459,2751.25,2025-04-02 06:55:37,0
b9c2bf19,TXN76939,1089.83,2025-04-06 18:49:51,0
7c7acdd9,TXN54027,3935.0,2025-04-06 19:24:37,0
7950d4aa,TXN8827,4533.12,2025-04-05 11:42:55,0
3733f6cd,TXN17266,1055.05,2025-04-09 05:40:05,0
c7aa4327,TXN13029,2195.08,2025-04-06 20:44:15,0
c7a377a7,TXN36304,2321.33,2025-04-07 03:39:00,1
003be871,TXN46985,1381.95,2025-04-04 14:43:56,1
25d888c8,TXN31742,4210.51,2025-04-05 22:21:36,0
8eb40ef0,TXN79769,3263.76,2025-04-08 01:56:42,0
c20c5e9c,TXN60544,1775.38,2025-04-04 15:28:59,0
febdccb4,TNX100,4000.0,2025-04-12 21:43:01,0
3b87d855,TXN4750,1000.0,2025-04-12 21:55:21,0
57753f97,TXN3500,3000.0,2025-04-12 21:59:19,0
